<application>
  <component name="GraziConfig">
    <option name="userDisabledRules">
      <set>
        <option value="GONNA" />
      </set>
    </option>
    <option name="suppressingContext">
      <SuppressingContext>
        <option name="suppressed">
          <set>
            <option value="shit" />
            <option value="fuck" />
            <option value="fucked" />
            <option value="fucking" />
            <option value="whore" />
            <option value="piss" />
            <option value="Fuck" />
          </set>
        </option>
      </SuppressingContext>
    </option>
  </component>
</application>