<application>
  <component name="FileTypeManager" version="18">
    <extensionMap>
      <mapping pattern="b" type="AUTO_DETECTED" />
      <mapping pattern="Dockerfile2" type="AUTO_DETECTED" />
      <mapping pattern="Jenkinsfile-stage-copy" type="AUTO_DETECTED" />
      <mapping pattern=".env.temp" type="PLAIN_TEXT" />
      <mapping pattern=".env.local" type="PLAIN_TEXT" />
      <mapping pattern=".env.testing" type="PLAIN_TEXT" />
      <mapping pattern=".env.staging.tmpl" type="PLAIN_TEXT" />
      <mapping pattern=".env" type="PLAIN_TEXT" />
      <mapping ext="sqlite" type="PLAIN_TEXT" />
      <mapping ext="mp4" type="PLAIN_TEXT" />
    </extensionMap>
  </component>
</application>